Row,p_a,p_b1,p_c1,p_g1,p_u,p_0
p_a,1,0.280974306263961,-0.372449122401245,0.486026530161157,0.256435394137806,-0.27810659753251
p_b1,0.280974306263961,1,-0.72882558553942,0.635037879921771,0.978124635866976,0.360234451732007
p_c1,-0.372449122401245,-0.72882558553942,1,-0.255286670660021,-0.580694923405412,-0.400224877541295
p_g1,0.486026530161157,0.635037879921771,-0.255286670660021,1,0.687667720964792,-0.352161732484741
p_u,0.256435394137806,0.978124635866976,-0.580694923405412,0.687667720964792,1,0.317653213707815
p_0,-0.27810659753251,0.360234451732007,-0.400224877541295,-0.352161732484741,0.317653213707815,1
