Row,p_a,p_b1,p_c1,p_g1,p_u
p_a,1,0.605838857628602,0.197718212041236,0.663785475658542,0.698034837587799
p_b1,0.605838857628602,1,-0.0729721922892837,0.719091193274361,0.879377433791296
p_c1,0.197718212041236,-0.0729721922892837,1,0.460114196120214,0.374435812622461
p_g1,0.663785475658542,0.719091193274361,0.460114196120214,1,0.890635685464776
p_u,0.698034837587799,0.879377433791296,0.374435812622461,0.890635685464776,1
